category,group_code,group_label,division,division_label,annual_spending_euros_2017,budget_share,division_rate,contribution_points
age,1,Moins de 25 ans,01,Alimentation et boissons non alcoolisées,2047,0.1045507942182951,1.1523941982912733,0.12048372868390808
age,1,Moins de 25 ans,02,Boissons alcoolisées et tabac,561,0.028653148781858113,1.8773716796484985,0.053792610055815294
age,1,Moins de 25 ans,03,Habillement et chaussures,1208,0.0616987588743041,-1.479379876380582,-0.09127590227630335
age,1,Moins de 25 ans,04,"Logement, eau et énergie",5038,0.2573165125900199,3.576437587657799,0.9202764475519686
age,1,Moins de 25 ans,05,Meubles et entretien du foyer,709,0.03621226824659073,-0.019932230416597196,-0.0007217912745986726
age,1,Moins de 25 ans,06,Santé,290,0.014811788140354462,-0.5128720836685363,-0.007596552646400507
age,1,Moins de 25 ans,07,Transports,3134,0.1600694621788651,6.9813176007866184,1.117495753657759
age,1,Moins de 25 ans,08,Information et communication,713,0.03641656877266459,4.937399030694678,0.17980313135938022
age,1,Moins de 25 ans,09,Loisirs et culture,1707,0.08718524950201746,-0.4483867823374621,-0.039092713491498426
age,1,Moins de 25 ans,10,Enseignement,529,0.027018744573267275,4.728440919586374,0.12775653743608928
age,1,Moins de 25 ans,11,Restauration et hébergement,1713,0.08749170029112825,1.8669446550416913,0.16334216221903147
age,1,Moins de 25 ans,12,Autres biens et services,1930,0.09857500383063486,2.838363811631961,0.2797917236043559
age,2,25-34 ans,01,Alimentation et boissons non alcoolisées,3397,0.11652716794731065,1.1523941982912733,0.13428523228579362
age,2,25-34 ans,02,Boissons alcoolisées et tabac,750,0.025727222832052688,1.8773716796484985,0.048299559540901954
age,2,25-34 ans,03,Habillement et chaussures,1813,0.062191273326015366,-1.479379876380582,-0.0920045182449916
age,2,25-34 ans,04,"Logement, eau et énergie",5285,0.18129116355653127,3.576437587657799,0.6483765316537962
age,2,25-34 ans,05,Meubles et entretien du foyer,1489,0.0510771130625686,-0.019932230416597196,-0.001018080786577704
age,2,25-34 ans,06,Santé,467,0.01601948408342481,-0.5128720836685363,-0.008215946181161034
age,2,25-34 ans,07,Transports,5022,0.1722694840834248,6.9813176007866184,1.2026679813100438
age,2,25-34 ans,08,Information et communication,815,0.027956915477497256,4.937399030694678,0.138034447379808
age,2,25-34 ans,09,Loisirs et culture,2762,0.09474478594950604,-0.4483867823374621,-0.0424823097151506
age,2,25-34 ans,10,Enseignement,76,0.0026070252469813393,4.728440919586374,0.012327164856221338
age,2,25-34 ans,11,Restauration et hébergement,2441,0.08373353457738748,1.8669446550416913,0.1563258748270022
age,2,25-34 ans,12,Autres biens et services,4835,0.16585482985729966,2.838363811631961,0.4707563470513354
age,3,35-44 ans,01,Alimentation et boissons non alcoolisées,4804,0.15032700190881498,1.1523941982912733,0.17323596484623954
age,3,35-44 ans,02,Boissons alcoolisées et tabac,872,0.02728666645805301,1.8773716796484985,0.05122721484036333
age,3,35-44 ans,03,Habillement et chaussures,1890,0.05914197202490847,-1.479379876380582,-0.08749344326311294
age,3,35-44 ans,04,"Logement, eau et énergie",4814,0.15063992239571924,3.576437587657799,0.5387542806579042
age,3,35-44 ans,05,Meubles et entretien du foyer,1624,0.050818287073254684,-0.019932230416597196,-0.0010129218073208952
age,3,35-44 ans,06,Santé,562,0.017586131364020402,-0.5128720836685363,-0.009019435836333743
age,3,35-44 ans,07,Transports,5257,0.16450229996557875,6.9813176007866184,1.148442802119575
age,3,35-44 ans,08,Information et communication,847,0.026504365240792315,4.937399030694678,0.1308626272490657
age,3,35-44 ans,09,Loisirs et culture,3126,0.09781894420627718,-0.4483867823374621,-0.043860721644300354
age,3,35-44 ans,10,Enseignement,238,0.007447507588321808,4.728440919586374,0.03521509962955087
age,3,35-44 ans,11,Restauration et hébergement,2884,0.09024626842319367,1.8669446550416913,0.16848478847013917
age,3,35-44 ans,12,Autres biens et services,5039,0.1576806333510655,2.838363811631961,0.44755500349887195
age,4,45-54 ans,01,Alimentation et boissons non alcoolisées,5067,0.1589996234467177,1.1523941982912733,0.18323024359049458
age,4,45-54 ans,02,Boissons alcoolisées et tabac,977,0.030657713066398896,1.8773716796484985,0.05755592227364702
age,4,45-54 ans,03,Habillement et chaussures,1726,0.05416091376929836,-1.479379876380582,-0.08012456591668397
age,4,45-54 ans,04,"Logement, eau et énergie",4686,0.14704405673402787,3.576437587657799,0.5258938915452632
age,4,45-54 ans,05,Meubles et entretien du foyer,1649,0.051744696874607754,-0.019932230416597196,-0.0010313872209416586
age,4,45-54 ans,06,Santé,592,0.018576628592945902,-0.5128720836685363,-0.009527434214000674
age,4,45-54 ans,07,Transports,5716,0.17936488013053847,6.9813176007866184,1.2522031946183103
age,4,45-54 ans,08,Information et communication,898,0.028178737291326722,4.937399030694678,0.13912967018839653
age,4,45-54 ans,09,Loisirs et culture,3002,0.09420107945274256,-0.4483867823374621,-0.04223851890853085
age,4,45-54 ans,10,Enseignement,537,0.016850759382452618,4.728440919586374,0.07967782019009298
age,4,45-54 ans,11,Restauration et hébergement,2617,0.08211999497928957,1.8669446550416913,0.15331348569863518
age,4,45-54 ans,12,Autres biens et services,4401,0.13810091627965357,2.838363811631961,0.3919806431213838
age,5,55-64 ans,01,Alimentation et boissons non alcoolisées,4865,0.176376753797629,1.1523941982912733,0.20325554778983596
age,5,55-64 ans,02,Boissons alcoolisées et tabac,930,0.0337164195337708,1.8773716796484985,0.06329825117184874
age,5,55-64 ans,03,Habillement et chaussures,1291,0.04680419098720226,-1.479379876380582,-0.06924117827674044
age,5,55-64 ans,04,"Logement, eau et énergie",4143,0.15020121089076605,3.576437587657799,0.5371852563414516
age,5,55-64 ans,05,Meubles et entretien du foyer,1678,0.06083457201899721,-0.019932230416597196,-0.0012125687067777288
age,5,55-64 ans,06,Santé,514,0.018634666279955046,-0.5128720836685363,-0.009557200123468357
age,5,55-64 ans,07,Transports,4759,0.17253380705507015,6.9813176007866184,1.2045133039242837
age,5,55-64 ans,08,Information et communication,721,0.02613928869231048,4.937399030694678,0.12906009865246212
age,5,55-64 ans,09,Loisirs et culture,2522,0.09143312910125802,-0.4483867823374621,-0.04099740655675885
age,5,55-64 ans,10,Enseignement,184,0.006670775477649276,4.728440919586374,0.03154236773389018
age,5,55-64 ans,11,Restauration et hébergement,1722,0.062429757459304645,1.8669446550416913,0.11655290200419796
age,5,55-64 ans,12,Autres biens et services,4254,0.15422542870608708,2.838363811631961,0.43774787567278256
age,6,65-74 ans,01,Alimentation et boissons non alcoolisées,4664,0.1901190282080548,1.1523941982912733,0.2190920650917373
age,6,65-74 ans,02,Boissons alcoolisées et tabac,663,0.027025925322028372,1.8773716796484985,0.050737706815871295
age,6,65-74 ans,03,Habillement et chaussures,857,0.03493396380238056,-1.479379876380582,-0.05168060305144949
age,6,65-74 ans,04,"Logement, eau et énergie",3841,0.15657100929398338,3.576437587657799,0.5599664427765207
age,6,65-74 ans,05,Meubles et entretien du foyer,1705,0.06950105984020871,-0.019932230416597196,-0.00138531113893275
age,6,65-74 ans,06,Santé,452,0.018424914397521603,-0.5128720836685363,-0.00944962423847132
age,6,65-74 ans,07,Transports,3957,0.16129952714821458,6.9813176007866184,1.1260832278783894
age,6,65-74 ans,08,Information et communication,613,0.02498777107451492,4.937399030694678,0.12337459668253048
age,6,65-74 ans,09,Loisirs et culture,2442,0.09954345344855699,-0.4483867823374621,-0.044633968794557416
age,6,65-74 ans,10,Enseignement,28,0.0011413663786075331,4.728440919586374,0.005396883488847973
age,6,65-74 ans,11,Restauration et hébergement,1159,0.04724441545736181,1.8669446550416913,0.0882027089186907
age,6,65-74 ans,12,Autres biens et services,4151,0.16920756562856676,2.838363811631961,0.48027263093446393
age,7,75 ans ou plus,01,Alimentation et boissons non alcoolisées,3903,0.20675954865709595,1.1523941982912733,0.2382685043137596
age,7,75 ans ou plus,02,Boissons alcoolisées et tabac,474,0.025109922127456694,1.8773716796484985,0.047140656680266374
age,7,75 ans ou plus,03,Habillement et chaussures,483,0.025586692800762832,-1.479379876380582,-0.037852438432580446
age,7,75 ans ou plus,04,"Logement, eau et énergie",3701,0.19605869576733592,3.576437587657799,0.7011916889294653
age,7,75 ans ou plus,05,Meubles et entretien du foyer,1366,0.07236319330402076,-0.019932230416597196,-0.001442359842616505
age,7,75 ans ou plus,06,Santé,463,0.024527202415638077,-0.5128720836685363,-0.012579317409468257
age,7,75 ans ou plus,07,Transports,1827,0.09678444668114637,6.9813176007866184,0.6756829610974812
age,7,75 ans ou plus,08,Information et communication,499,0.026434285108862636,4.937399030694678,0.13051661367360515
age,7,75 ans ou plus,09,Loisirs et culture,1497,0.07930285532658791,-0.4483867823374621,-0.035558352130062025
age,7,75 ans ou plus,10,Enseignement,17,0.0009005668273560417,4.728440919586374,0.004258277037292386
age,7,75 ans ou plus,11,Restauration et hébergement,705,0.03734703607564761,1.8669446550416913,0.06972484938307953
age,7,75 ans ou plus,12,Autres biens et services,3942,0.2088255549080892,2.838363811631961,0.5927228979950835
age,TOT,Ensemble,01,Alimentation et boissons non alcoolisées,4410,0.16089605603998686,1.1523941982912733,0.18541568150842844
age,TOT,Ensemble,02,Boissons alcoolisées et tabac,788,0.028749680761793572,1.8773716796484985,0.05397383646112652
age,TOT,Ensemble,03,Habillement et chaussures,1374,0.050129519500893865,-1.479379876380582,-0.07416060236225035
age,TOT,Ensemble,04,"Logement, eau et énergie",4454,0.16250136816374183,3.576437587657799,0.5811760011466247
age,TOT,Ensemble,05,Meubles et entretien du foyer,1558,0.056842642927505564,-0.019932230416597196,-0.0011330006563194
age,TOT,Ensemble,06,Santé,505,0.01842460505673319,-0.5128720836685363,-0.009449465586216602
age,TOT,Ensemble,07,Transports,4482,0.16352293042431318,6.9813176007866184,1.1416055123034632
age,TOT,Ensemble,08,Information et communication,743,0.027107884271589625,4.937399030694678,0.1338424415267301
age,TOT,Ensemble,09,Loisirs et culture,2566,0.093618884308074,-0.4483867823374621,-0.04197747030092042
age,TOT,Ensemble,10,Enseignement,214,0.007807654420080995,4.728440919586374,0.0369180326459004
age,TOT,Ensemble,11,Restauration et hébergement,1972,0.07194717063738189,1.8669446550416913,0.13432138566683263
age,TOT,Ensemble,12,Autres biens et services,4343,0.15845160348790543,2.838363811631961,0.4497432972351274
categorie_socioprofessionnelle,1,Agriculteurs,01,Alimentation et boissons non alcoolisées,4775,0.18683726571976367,1.1523941982912733,0.21531018104006067
categorie_socioprofessionnelle,1,Agriculteurs,02,Boissons alcoolisées et tabac,748,0.029267910944164026,1.8773716796484985,0.05494674712904789
categorie_socioprofessionnelle,1,Agriculteurs,03,Habillement et chaussures,1221,0.04777556051179716,-1.479379876380582,-0.07067820280395551
categorie_socioprofessionnelle,1,Agriculteurs,04,"Logement, eau et énergie",2961,0.11585866885784717,3.576437587657799,0.4143612981592027
categorie_socioprofessionnelle,1,Agriculteurs,05,Meubles et entretien du foyer,1028,0.040223813436631846,-0.019932230416597196,-0.0008017503176531642
categorie_socioprofessionnelle,1,Agriculteurs,06,Santé,336,0.01314708299096138,-0.5128720836685363,-0.006742771847737535
categorie_socioprofessionnelle,1,Agriculteurs,07,Transports,4624,0.18092890401846853,6.9813176007866184,1.263122142115167
categorie_socioprofessionnelle,1,Agriculteurs,08,Information et communication,875,0.03423719528896193,4.937399030694678,0.16904269483342502
categorie_socioprofessionnelle,1,Agriculteurs,09,Loisirs et culture,1971,0.07712172790233596,-0.4483867823374621,-0.03458036342243369
categorie_socioprofessionnelle,1,Agriculteurs,10,Enseignement,168,0.00657354149548069,4.728440919586374,0.031082602593829903
categorie_socioprofessionnelle,1,Agriculteurs,11,Restauration et hébergement,1938,0.07583049653715225,1.8669446550416913,0.14157134019919387
categorie_socioprofessionnelle,1,Agriculteurs,12,Autres biens et services,4912,0.19219783229643542,2.838363811631961,0.5455273718643109
categorie_socioprofessionnelle,2,"Artisans, commerçants et chefs d'entreprise",01,Alimentation et boissons non alcoolisées,5213,0.14899819933118016,1.1523941982912733,0.1717046604650987
categorie_socioprofessionnelle,2,"Artisans, commerçants et chefs d'entreprise",02,Boissons alcoolisées et tabac,1184,0.033841140995226796,1.8773716796484985,0.06353239971143058
categorie_socioprofessionnelle,2,"Artisans, commerçants et chefs d'entreprise",03,Habillement et chaussures,1708,0.04881813244919542,-1.479379876380582,-0.0722205627478216
categorie_socioprofessionnelle,2,"Artisans, commerçants et chefs d'entreprise",04,"Logement, eau et énergie",4844,0.13845142481493125,3.576437587657799,0.49516287977289786
categorie_socioprofessionnelle,2,"Artisans, commerçants et chefs d'entreprise",05,Meubles et entretien du foyer,1890,0.054020064595421156,-0.019932230416597196,-0.001076740374635399
categorie_socioprofessionnelle,2,"Artisans, commerçants et chefs d'entreprise",06,Santé,546,0.015605796438677223,-0.5128720836685363,-0.00800377733681141
categorie_socioprofessionnelle,2,"Artisans, commerçants et chefs d'entreprise",07,Transports,6742,0.19270014576842828,6.9813176007866184,1.3453009193272754
categorie_socioprofessionnelle,2,"Artisans, commerçants et chefs d'entreprise",08,Information et communication,875,0.02500928916454683,4.937399030694678,0.12348084007939644
categorie_socioprofessionnelle,2,"Artisans, commerçants et chefs d'entreprise",09,Loisirs et culture,3323,0.094978134735759,-0.4483867823374621,-0.04258694022658092
categorie_socioprofessionnelle,2,"Artisans, commerçants et chefs d'entreprise",10,Enseignement,432,0.012347443336096265,4.728440919586374,0.058384156322671674
categorie_socioprofessionnelle,2,"Artisans, commerçants et chefs d'entreprise",11,Restauration et hébergement,3195,0.09131963300654529,1.8669446550416913,0.17048870074193853
categorie_socioprofessionnelle,2,"Artisans, commerçants et chefs d'entreprise",12,Autres biens et services,5035,0.14391059536399234,2.838363811631961,0.4084706259915661
categorie_socioprofessionnelle,3,Cadres,01,Alimentation et boissons non alcoolisées,5867,0.13452719435017885,1.1523941982912733,0.15502835828154868
categorie_socioprofessionnelle,3,Cadres,02,Boissons alcoolisées et tabac,846,0.019398330734660185,1.8773716796484985,0.036417876753706085
categorie_socioprofessionnelle,3,Cadres,03,Habillement et chaussures,2413,0.05532880858479318,-1.479379876380582,-0.08185232600445623
categorie_socioprofessionnelle,3,Cadres,04,"Logement, eau et énergie",5840,0.13390809868843437,3.576437587657799,0.4789139574411067
categorie_socioprofessionnelle,3,Cadres,05,Meubles et entretien du foyer,2825,0.06477574979363478,-0.019932230416597196,-0.0012911251702945766
categorie_socioprofessionnelle,3,Cadres,06,Santé,779,0.01786205631477575,-0.5128720836685363,-0.009160950040763775
categorie_socioprofessionnelle,3,Cadres,07,Transports,7320,0.16784371273961296,6.9813176007866184,1.1717702659304332
categorie_socioprofessionnelle,3,Cadres,08,Information et communication,904,0.020728239933963128,4.937399030694678,0.10234359175795626
categorie_socioprofessionnelle,3,Cadres,09,Loisirs et culture,4934,0.11313399981656425,-0.4483867823374621,-0.05072779015071627
categorie_socioprofessionnelle,3,Cadres,10,Enseignement,588,0.013482527744657434,4.728440919586374,0.0637513358872968
categorie_socioprofessionnelle,3,Cadres,11,Restauration et hébergement,4683,0.10737870310923599,1.8669446550416913,0.20047009583509676
categorie_socioprofessionnelle,3,Cadres,12,Autres biens et services,6613,0.15163257818948914,2.838363811631961,0.4303884225974997
categorie_socioprofessionnelle,4,Professions intermédiaires,01,Alimentation et boissons non alcoolisées,4657,0.1449920607739967,1.1523941982912733,0.16708800963424952
categorie_socioprofessionnelle,4,Professions intermédiaires,02,Boissons alcoolisées et tabac,911,0.028363274074535323,1.8773716796484985,0.05324840748964109
categorie_socioprofessionnelle,4,Professions intermédiaires,03,Habillement et chaussures,1830,0.05697562190603692,-1.479379876380582,-0.08428858849205968
categorie_socioprofessionnelle,4,Professions intermédiaires,04,"Logement, eau et énergie",4744,0.14770073788100502,3.576437587657799,0.5282424706824185
categorie_socioprofessionnelle,4,Professions intermédiaires,05,Meubles et entretien du foyer,1573,0.04897412746349513,-0.019932230416597196,-0.0009761635930541858
categorie_socioprofessionnelle,4,Professions intermédiaires,06,Santé,601,0.018711665992091907,-0.5128720836685363,-0.009596691126273866
categorie_socioprofessionnelle,4,Professions intermédiaires,07,Transports,5969,0.18584015691646688,6.9813176007866184,1.2974091584138772
categorie_socioprofessionnelle,4,Professions intermédiaires,08,Information et communication,868,0.02702450263084156,4.937399030694678,0.13343075309452287
categorie_socioprofessionnelle,4,Professions intermédiaires,09,Loisirs et culture,3077,0.09579999377315608,-0.4483867823374621,-0.04295545095589436
categorie_socioprofessionnelle,4,Professions intermédiaires,10,Enseignement,279,0.008686447274199071,4.728440919586374,0.04107335273715241
categorie_socioprofessionnelle,4,Professions intermédiaires,11,Restauration et hébergement,2618,0.08150938696721567,1.8669446550416913,0.15217351433416818
categorie_socioprofessionnelle,4,Professions intermédiaires,12,Autres biens et services,4992,0.15542202434695973,2.838363811631961,0.44114424943699204
categorie_socioprofessionnelle,5,Employés,01,Alimentation et boissons non alcoolisées,3736,0.15224123879380602,1.1523941982912733,0.1754419203266584
categorie_socioprofessionnelle,5,Employés,02,Boissons alcoolisées et tabac,726,0.02958435207823961,1.8773716796484985,0.05554082475243725
categorie_socioprofessionnelle,5,Employés,03,Habillement et chaussures,1505,0.06132844335778321,-1.479379876380582,-0.09072806495325085
categorie_socioprofessionnelle,5,Employés,04,"Logement, eau et énergie",4778,0.19470252648736755,3.576437587657799,0.6963414341413595
categorie_socioprofessionnelle,5,Employés,05,Meubles et entretien du foyer,1046,0.042624286878565606,-0.019932230416597196,-0.0008495971074067102
categorie_socioprofessionnelle,5,Employés,06,Santé,437,0.01780766096169519,-0.5128720836685363,-0.009133052182687465
categorie_socioprofessionnelle,5,Employés,07,Transports,3954,0.16112469437652813,6.9813176007866184,1.1248626647722204
categorie_socioprofessionnelle,5,Employés,08,Information et communication,793,0.032314588427057866,4.937399030694678,0.15955001757705298
categorie_socioprofessionnelle,5,Employés,09,Loisirs et culture,2054,0.0837000814995925,-0.4483867823374621,-0.03753001022498562
categorie_socioprofessionnelle,5,Employés,10,Enseignement,194,0.007905460472697636,4.728440919586374,0.03738050278727614
categorie_socioprofessionnelle,5,Employés,11,Restauration et hébergement,1687,0.06874490627546863,1.8669446550416913,0.12834293533232818
categorie_socioprofessionnelle,5,Employés,12,Autres biens et services,3630,0.14792176039119803,2.838363811631961,0.41985577164727045
categorie_socioprofessionnelle,6,Ouvriers,01,Alimentation et boissons non alcoolisées,4007,0.16399279692232135,1.1523941982912733,0.1889843477348421
categorie_socioprofessionnelle,6,Ouvriers,02,Boissons alcoolisées et tabac,961,0.039330441188507814,1.8773716796484985,0.0738378564353854
categorie_socioprofessionnelle,6,Ouvriers,03,Habillement et chaussures,1317,0.053900302856675124,-1.479379876380582,-0.07973902337698398
categorie_socioprofessionnelle,6,Ouvriers,04,"Logement, eau et énergie",4491,0.18380126053859377,3.576437587657799,0.6573537368491109
categorie_socioprofessionnelle,6,Ouvriers,05,Meubles et entretien du foyer,1127,0.046124253089956616,-0.019932230416597196,-0.0009193592403824605
categorie_socioprofessionnelle,6,Ouvriers,06,Santé,401,0.016411557665548006,-0.5128720836685363,-0.008417029776175946
categorie_socioprofessionnelle,6,Ouvriers,07,Transports,4282,0.1752476057952034,6.9813176007866184,1.2234591948337685
categorie_socioprofessionnelle,6,Ouvriers,08,Information et communication,820,0.03355979373004829,4.937399030694678,0.16569809303305377
categorie_socioprofessionnelle,6,Ouvriers,09,Loisirs et culture,1919,0.07853810264385692,-0.4483867823374621,-0.03521544713536833
categorie_socioprofessionnelle,6,Ouvriers,10,Enseignement,113,0.0046247032823115335,4.728440919586374,0.02186763624102727
categorie_socioprofessionnelle,6,Ouvriers,11,Restauration et hébergement,1356,0.0554964393877384,1.8669446550416913,0.10360878088878339
categorie_socioprofessionnelle,6,Ouvriers,12,Autres biens et services,3640,0.14897274289923876,2.838363811631961,0.42283884236475144
categorie_socioprofessionnelle,7,Retraités,01,Alimentation et boissons non alcoolisées,4334,0.19538364439635741,1.1523941982912733,0.22515897824336753
categorie_socioprofessionnelle,7,Retraités,02,Boissons alcoolisées et tabac,651,0.02934812009737625,1.8773716796484985,0.055097329521737105
categorie_socioprofessionnelle,7,Retraités,03,Habillement et chaussures,754,0.03399152465963394,-1.479379876380582,-0.05028637754895677
categorie_socioprofessionnelle,7,Retraités,04,"Logement, eau et énergie",3704,0.16698223785050942,3.576437587657799,0.5972015519197768
categorie_socioprofessionnelle,7,Retraités,05,Meubles et entretien du foyer,1538,0.06933549725002254,-0.019932230416597196,-0.0013820111072367905
categorie_socioprofessionnelle,7,Retraités,06,Santé,457,0.020602290145162745,-0.5128720836685363,-0.010566339475093368
categorie_socioprofessionnelle,7,Retraités,07,Transports,3142,0.14164637994770535,6.9813176007866184,0.9888783654166241
categorie_socioprofessionnelle,7,Retraités,08,Information et communication,575,0.025921918672797764,4.937399030694678,0.12798685612881797
categorie_socioprofessionnelle,7,Retraités,09,Loisirs et culture,2015,0.09083941934902173,-0.4483867823374621,-0.04073119495131125
categorie_socioprofessionnelle,7,Retraités,10,Enseignement,33,0.0014876927238301326,4.728440919586374,0.00703446715112931
categorie_socioprofessionnelle,7,Retraités,11,Restauration et hébergement,968,0.043638986565683886,1.8669446550416913,0.08147157272023971
categorie_socioprofessionnelle,7,Retraités,12,Autres biens et services,4011,0.18082228834189884,2.838363811631961,0.5132394395661255
categorie_socioprofessionnelle,8,Autres inactifs,01,Alimentation et boissons non alcoolisées,2713,0.16765541960202696,1.1523941982912733,0.19320513286146487
categorie_socioprofessionnelle,8,Autres inactifs,02,Boissons alcoolisées et tabac,569,0.03516252626374985,1.8773716796484985,0.06601313099246049
categorie_socioprofessionnelle,8,Autres inactifs,03,Habillement et chaussures,941,0.058151032010876284,-1.479379876380582,-0.08602746654765343
categorie_socioprofessionnelle,8,Autres inactifs,04,"Logement, eau et énergie",3905,0.24131751328636758,3.576437587657799,0.8630570250774754
categorie_socioprofessionnelle,8,Autres inactifs,05,Meubles et entretien du foyer,769,0.0475219379557533,-0.019932230416597196,-0.0009472182171773107
categorie_socioprofessionnelle,8,Autres inactifs,06,Santé,306,0.018909899888765295,-0.5128720836685363,-0.00969835975791448
categorie_socioprofessionnelle,8,Autres inactifs,07,Transports,1780,0.1099987640588308,6.9813176007866184,0.7679363075886899
categorie_socioprofessionnelle,8,Autres inactifs,08,Information et communication,591,0.03652206154987023,4.937399030694678,0.18032399129530063
categorie_socioprofessionnelle,8,Autres inactifs,09,Loisirs et culture,1198,0.07403287603510073,-0.4483867823374621,-0.03319536307256702
categorie_socioprofessionnelle,8,Autres inactifs,10,Enseignement,349,0.02156717340254604,4.728440919586374,0.10197910523641358
categorie_socioprofessionnelle,8,Autres inactifs,11,Restauration et hébergement,1015,0.06272401433691756,1.8669446550416913,0.11710226330906665
categorie_socioprofessionnelle,8,Autres inactifs,12,Autres biens et services,2046,0.12643678160919541,2.838363811631961,0.3588735853787537
categorie_socioprofessionnelle,TOT,Ensemble,01,Alimentation et boissons non alcoolisées,4410,0.16089605603998686,1.1523941982912733,0.18541568150842844
categorie_socioprofessionnelle,TOT,Ensemble,02,Boissons alcoolisées et tabac,788,0.028749680761793572,1.8773716796484985,0.05397383646112652
categorie_socioprofessionnelle,TOT,Ensemble,03,Habillement et chaussures,1374,0.050129519500893865,-1.479379876380582,-0.07416060236225035
categorie_socioprofessionnelle,TOT,Ensemble,04,"Logement, eau et énergie",4454,0.16250136816374183,3.576437587657799,0.5811760011466247
categorie_socioprofessionnelle,TOT,Ensemble,05,Meubles et entretien du foyer,1558,0.056842642927505564,-0.019932230416597196,-0.0011330006563194
categorie_socioprofessionnelle,TOT,Ensemble,06,Santé,505,0.01842460505673319,-0.5128720836685363,-0.009449465586216602
categorie_socioprofessionnelle,TOT,Ensemble,07,Transports,4482,0.16352293042431318,6.9813176007866184,1.1416055123034632
categorie_socioprofessionnelle,TOT,Ensemble,08,Information et communication,743,0.027107884271589625,4.937399030694678,0.1338424415267301
categorie_socioprofessionnelle,TOT,Ensemble,09,Loisirs et culture,2566,0.093618884308074,-0.4483867823374621,-0.04197747030092042
categorie_socioprofessionnelle,TOT,Ensemble,10,Enseignement,214,0.007807654420080995,4.728440919586374,0.0369180326459004
categorie_socioprofessionnelle,TOT,Ensemble,11,Restauration et hébergement,1972,0.07194717063738189,1.8669446550416913,0.13432138566683263
categorie_socioprofessionnelle,TOT,Ensemble,12,Autres biens et services,4343,0.15845160348790543,2.838363811631961,0.4497432972351274
lieu_de_residence,0,Communes rurales,01,Alimentation et boissons non alcoolisées,4634,0.17130605153229087,1.1523941982912733,0.19741209991799788
lieu_de_residence,0,Communes rurales,02,Boissons alcoolisées et tabac,847,0.031311226941702706,1.8773716796484985,0.05878281071539973
lieu_de_residence,0,Communes rurales,03,Habillement et chaussures,1289,0.04765073379912018,-1.479379876380582,-0.07049353667718644
lieu_de_residence,0,Communes rurales,04,"Logement, eau et énergie",3333,0.12321171121215482,3.576437587657799,0.44065899521878843
lieu_de_residence,0,Communes rurales,05,Meubles et entretien du foyer,1662,0.06143950316069646,-0.019932230416597196,-0.0012246263336802537
lieu_de_residence,0,Communes rurales,06,Santé,471,0.017411555949872464,-0.5128720836685363,-0.008929900979922393
lieu_de_residence,0,Communes rurales,07,Transports,5132,0.189715722154449,6.9813176007866184,1.3244657102227988
lieu_de_residence,0,Communes rurales,08,Information et communication,764,0.028242948504676353,4.937399030694678,0.13944670657094874
lieu_de_residence,0,Communes rurales,09,Loisirs et culture,2519,0.09312040220324572,-0.4483867823374621,-0.041753957513883666
lieu_de_residence,0,Communes rurales,10,Enseignement,132,0.004879671731174449,4.728440919586374,0.023073239487834143
lieu_de_residence,0,Communes rurales,11,Restauration et hébergement,1690,0.0624745850430668,1.8669446550416913,0.11663659262210115
lieu_de_residence,0,Communes rurales,12,Autres biens et services,4578,0.1692358877675502,2.838363811631961,0.48035301946882253
lieu_de_residence,1,Petites villes (< 20 000 hab.),01,Alimentation et boissons non alcoolisées,4453,0.16751937401248965,1.1523941982912733,0.19304835471337897
lieu_de_residence,1,Petites villes (< 20 000 hab.),02,Boissons alcoolisées et tabac,763,0.028703634038070875,1.8773716796484985,0.053887389646068935
lieu_de_residence,1,Petites villes (< 20 000 hab.),03,Habillement et chaussures,1311,0.049319088104732525,-1.479379876380582,-0.07296166646358224
lieu_de_residence,1,Petites villes (< 20 000 hab.),04,"Logement, eau et énergie",3870,0.14558723948536603,3.576437587657799,0.5206836755788008
lieu_de_residence,1,Petites villes (< 20 000 hab.),05,Meubles et entretien du foyer,1647,0.061959220525167405,-0.019932230416597196,-0.001234985459940395
lieu_de_residence,1,Petites villes (< 20 000 hab.),06,Santé,477,0.01794447370401023,-0.5128720836685363,-0.009203219618910985
lieu_de_residence,1,Petites villes (< 20 000 hab.),07,Transports,4663,0.17541945677526147,6.9813176007866184,1.2246589411055604
lieu_de_residence,1,Petites villes (< 20 000 hab.),08,Information et communication,735,0.027650289669701303,4.937399030694678,0.1365205134136103
lieu_de_residence,1,Petites villes (< 20 000 hab.),09,Loisirs et culture,2484,0.09344669325107216,-0.4483867823374621,-0.04190026210692408
lieu_de_residence,1,Petites villes (< 20 000 hab.),10,Enseignement,130,0.0048905274245730195,4.728440919586374,0.02312456999271043
lieu_de_residence,1,Petites villes (< 20 000 hab.),11,Restauration et hébergement,1624,0.061093973365435254,1.8669446550416913,0.1140590670298588
lieu_de_residence,1,Petites villes (< 20 000 hab.),12,Autres biens et services,4425,0.16646602964412008,2.838363811631961,0.47249115440792366
lieu_de_residence,2,Villes moyennes (20 000 à 100 000 hab.),01,Alimentation et boissons non alcoolisées,4132,0.16251081570046408,1.1523941982912733,0.18727652117279717
lieu_de_residence,2,Villes moyennes (20 000 à 100 000 hab.),02,Boissons alcoolisées et tabac,707,0.027806182647683475,1.8773716796484985,0.05220253982189446
lieu_de_residence,2,Villes moyennes (20 000 à 100 000 hab.),03,Habillement et chaussures,1274,0.050106190513647446,-1.479379876380582,-0.07412608992798166
lieu_de_residence,2,Villes moyennes (20 000 à 100 000 hab.),04,"Logement, eau et énergie",4288,0.16864626760009438,3.576437587657799,0.6031528504631732
lieu_de_residence,2,Villes moyennes (20 000 à 100 000 hab.),05,Meubles et entretien du foyer,1332,0.0523873200660741,-0.019932230416597196,-0.0010441961344650147
lieu_de_residence,2,Villes moyennes (20 000 à 100 000 hab.),06,Santé,476,0.018720994257846298,-0.5128720836685363,-0.009601475333368335
lieu_de_residence,2,Villes moyennes (20 000 à 100 000 hab.),07,Transports,4295,0.16892157633918037,6.9813176007866184,1.1792951740493403
lieu_de_residence,2,Villes moyennes (20 000 à 100 000 hab.),08,Information et communication,710,0.02792417210729175,4.937399030694678,0.13787278029549366
lieu_de_residence,2,Villes moyennes (20 000 à 100 000 hab.),09,Loisirs et culture,2227,0.08758750884920947,-0.4483867823374621,-0.03927308126585102
lieu_de_residence,2,Villes moyennes (20 000 à 100 000 hab.),10,Enseignement,185,0.007276016675843625,4.728440919586374,0.034404214981651825
lieu_de_residence,2,Villes moyennes (20 000 à 100 000 hab.),11,Restauration et hébergement,1674,0.06583811846141745,1.8669446550416913,0.12291612335954501
lieu_de_residence,2,Villes moyennes (20 000 à 100 000 hab.),12,Autres biens et services,4126,0.16227483678124754,2.838363811631961,0.4605950242583761
lieu_de_residence,3,Grandes villes (> 100 000 hab.),01,Alimentation et boissons non alcoolisées,4223,0.15743364151506115,1.1523941982912733,0.18142561509782462
lieu_de_residence,3,Grandes villes (> 100 000 hab.),02,Boissons alcoolisées et tabac,791,0.029488517745302714,1.8773716796484985,0.05536090808984351
lieu_de_residence,3,Grandes villes (> 100 000 hab.),03,Habillement et chaussures,1400,0.05219206680584551,-1.479379876380582,-0.07721189333927882
lieu_de_residence,3,Grandes villes (> 100 000 hab.),04,"Logement, eau et énergie",4668,0.1740232627497763,3.576437587657799,0.6223833380251493
lieu_de_residence,3,Grandes villes (> 100 000 hab.),05,Meubles et entretien du foyer,1482,0.05524903071875932,-0.019932230416597196,-0.0011012364105799674
lieu_de_residence,3,Grandes villes (> 100 000 hab.),06,Santé,488,0.018192663286609005,-0.5128720836685363,-0.009330509127283242
lieu_de_residence,3,Grandes villes (> 100 000 hab.),07,Transports,4097,0.15273635550253503,6.9813176007866184,1.06630100694985
lieu_de_residence,3,Grandes villes (> 100 000 hab.),08,Information et communication,733,0.027326274977631973,4.937399030694678,0.13492072358705634
lieu_de_residence,3,Grandes villes (> 100 000 hab.),09,Loisirs et culture,2514,0.09372203996421115,-0.4483867823374621,-0.042023723933655666
lieu_de_residence,3,Grandes villes (> 100 000 hab.),10,Enseignement,251,0.009357291977333732,4.728440919586374,0.04424540228214211
lieu_de_residence,3,Grandes villes (> 100 000 hab.),11,Restauration et hébergement,1980,0.07381449448255294,1.8669446550416913,0.1378075759388066
lieu_de_residence,3,Grandes villes (> 100 000 hab.),12,Autres biens et services,4197,0.15646436027438115,2.838363811631961,0.44410277801294884
lieu_de_residence,4,Agglomération parisienne,01,Alimentation et boissons non alcoolisées,4687,0.1475198287800579,1.1523941982912733,0.17000099481906072
lieu_de_residence,4,Agglomération parisienne,02,Boissons alcoolisées et tabac,803,0.025273826010323554,1.8773716796484985,0.04744836518814504
lieu_de_residence,4,Agglomération parisienne,03,Habillement et chaussures,1594,0.050169960971924964,-1.479379876380582,-0.07422043066066498
lieu_de_residence,4,Agglomération parisienne,04,"Logement, eau et énergie",6338,0.19948382223341307,3.576437587657799,0.7134414399652251
lieu_de_residence,4,Agglomération parisienne,05,Meubles et entretien du foyer,1673,0.05265642704267909,-0.019932230416597196,-0.0010495600367294194
lieu_de_residence,4,Agglomération parisienne,06,Santé,643,0.02023794536069495,-0.5128720836685363,-0.010379477206309606
lieu_de_residence,4,Agglomération parisienne,07,Transports,4351,0.13694447941583784,6.9813176007866184,0.9560529044763495
lieu_de_residence,4,Agglomération parisienne,08,Information et communication,774,0.02436107264257837,4.937399030694678,0.12028033645214908
lieu_de_residence,4,Agglomération parisienne,09,Loisirs et culture,3125,0.09835704393805866,-0.4483867823374621,-0.04410199845161051
lieu_de_residence,4,Agglomération parisienne,10,Enseignement,368,0.011582525494145788,4.728440919586374,0.05476728749867133
lieu_de_residence,4,Agglomération parisienne,11,Restauration et hébergement,2991,0.09413949389399472,1.8669446550416913,0.17575322495372336
lieu_de_residence,4,Agglomération parisienne,12,Autres biens et services,4425,0.13927357421629108,2.838363811631961,0.3953090729721587
lieu_de_residence,TOT,Ensemble,01,Alimentation et boissons non alcoolisées,4410,0.16089605603998686,1.1523941982912733,0.18541568150842844
lieu_de_residence,TOT,Ensemble,02,Boissons alcoolisées et tabac,788,0.028749680761793572,1.8773716796484985,0.05397383646112652
lieu_de_residence,TOT,Ensemble,03,Habillement et chaussures,1374,0.050129519500893865,-1.479379876380582,-0.07416060236225035
lieu_de_residence,TOT,Ensemble,04,"Logement, eau et énergie",4454,0.16250136816374183,3.576437587657799,0.5811760011466247
lieu_de_residence,TOT,Ensemble,05,Meubles et entretien du foyer,1558,0.056842642927505564,-0.019932230416597196,-0.0011330006563194
lieu_de_residence,TOT,Ensemble,06,Santé,505,0.01842460505673319,-0.5128720836685363,-0.009449465586216602
lieu_de_residence,TOT,Ensemble,07,Transports,4482,0.16352293042431318,6.9813176007866184,1.1416055123034632
lieu_de_residence,TOT,Ensemble,08,Information et communication,743,0.027107884271589625,4.937399030694678,0.1338424415267301
lieu_de_residence,TOT,Ensemble,09,Loisirs et culture,2566,0.093618884308074,-0.4483867823374621,-0.04197747030092042
lieu_de_residence,TOT,Ensemble,10,Enseignement,214,0.007807654420080995,4.728440919586374,0.0369180326459004
lieu_de_residence,TOT,Ensemble,11,Restauration et hébergement,1972,0.07194717063738189,1.8669446550416913,0.13432138566683263
lieu_de_residence,TOT,Ensemble,12,Autres biens et services,4343,0.15845160348790543,2.838363811631961,0.4497432972351274
type_de_menage,1,Personnes seules,01,Alimentation et boissons non alcoolisées,2529,0.14606676677832967,1.1523941982912733,0.16832649459851162
type_de_menage,1,Personnes seules,02,Boissons alcoolisées et tabac,588,0.03396095645142659,1.8773716796484985,0.06375733785568426
type_de_menage,1,Personnes seules,03,Habillement et chaussures,729,0.04210465519232991,-1.479379876380582,-0.06228877959347605
type_de_menage,1,Personnes seules,04,"Logement, eau et énergie",4190,0.2420006930807439,3.576437587657799,0.8655003749732112
type_de_menage,1,Personnes seules,05,Meubles et entretien du foyer,913,0.05273189326556544,-0.019932230416597196,-0.0010510642468726603
type_de_menage,1,Personnes seules,06,Santé,326,0.018828693542797734,-0.5128720836685363,-0.009656711290050989
type_de_menage,1,Personnes seules,07,Transports,2149,0.12411920988795194,6.9813176007866184,0.8665156245864873
type_de_menage,1,Personnes seules,08,Information et communication,517,0.02986022871664549,4.937399030694678,0.14743186432188682
type_de_menage,1,Personnes seules,09,Loisirs et culture,1637,0.09454776481460091,-0.4483867823374621,-0.04239396804241802
type_de_menage,1,Personnes seules,10,Enseignement,68,0.003927457548804436,4.728440919586374,0.01857075098370529
type_de_menage,1,Personnes seules,11,Restauration et hébergement,1090,0.06295483423818875,1.8669446550416913,0.11753319129002214
type_de_menage,1,Personnes seules,12,Autres biens et services,2578,0.14889684648261522,2.838363811631961,0.4226234207223747
type_de_menage,2,Familles monoparentales,01,Alimentation et boissons non alcoolisées,3597,0.15045802484627932,1.1523941982912733,0.17338695491921655
type_de_menage,2,Familles monoparentales,02,Boissons alcoolisées et tabac,687,0.02873635336930606,1.8773716796484985,0.05394881599190691
type_de_menage,2,Familles monoparentales,03,Habillement et chaussures,1481,0.06194838331869327,-1.479379876380582,-0.09164519165598536
type_de_menage,2,Familles monoparentales,04,"Logement, eau et énergie",4717,0.19730622830133435,3.576437587657799,0.7056534111758832
type_de_menage,2,Familles monoparentales,05,Meubles et entretien du foyer,1058,0.04425482076379303,-0.019932230416597196,-0.0008820972845091326
type_de_menage,2,Familles monoparentales,06,Santé,446,0.018655623875852262,-0.5128720836685363,-0.009567948689344845
type_de_menage,2,Familles monoparentales,07,Transports,3591,0.1502070523277701,6.9813176007866184,1.048643138178138
type_de_menage,2,Familles monoparentales,08,Information et communication,783,0.03275191366545363,4.937399030694678,0.16170926678520653
type_de_menage,2,Familles monoparentales,09,Loisirs et culture,2008,0.08399213619442004,-0.4483867823374621,-0.03766096368986589
type_de_menage,2,Familles monoparentales,10,Enseignement,277,0.01158656460450914,4.728440919586374,0.05478638619339213
type_de_menage,2,Familles monoparentales,11,Restauration et hébergement,1785,0.07466432425649391,1.8669446550416913,0.13939416109296102
type_de_menage,2,Familles monoparentales,12,Autres biens et services,3477,0.14543857447609487,2.838363811631961,0.4128075866082875
type_de_menage,3,Couples sans enfant,01,Alimentation et boissons non alcoolisées,5337,0.17352711666016388,1.1523941982912733,0.19997164248538582
type_de_menage,3,Couples sans enfant,02,Boissons alcoolisées et tabac,900,0.02926258291065158,1.8773716796484985,0.05493674442982341
type_de_menage,3,Couples sans enfant,03,Habillement et chaussures,1334,0.04337365066978801,-1.479379876380582,-0.06416610596604554
type_de_menage,3,Couples sans enfant,04,"Logement, eau et énergie",4269,0.13880218493952398,3.576437587657799,0.4964173514667429
type_de_menage,3,Couples sans enfant,05,Meubles et entretien du foyer,2059,0.06694628690336844,-0.019932230416597196,-0.001334388816093563
type_de_menage,3,Couples sans enfant,06,Santé,586,0.019053192872935363,-0.5128720836685363,-0.009771850729280865
type_de_menage,3,Couples sans enfant,07,Transports,5513,0.17924957731824684,6.9813176007866184,1.2513982290654384
type_de_menage,3,Couples sans enfant,08,Information et communication,733,0.02383274808167512,4.937399030694678,0.11767178727725318
type_de_menage,3,Couples sans enfant,09,Loisirs et culture,2939,0.09555859019378332,-0.4483867823374621,-0.042847208781694665
type_de_menage,3,Couples sans enfant,10,Enseignement,69,0.002243464689816621,4.728440919586374,0.010608090240976063
type_de_menage,3,Couples sans enfant,11,Restauration et hébergement,1934,0.06288203927688907,1.8669446550416913,0.11739728712610974
type_de_menage,3,Couples sans enfant,12,Autres biens et services,5083,0.16526856548315777,2.838363811631961,0.469092315467722
type_de_menage,4,Couples avec enfants,01,Alimentation et boissons non alcoolisées,6161,0.1602215691883598,1.1523941982912733,0.18463840677378968
type_de_menage,4,Couples avec enfants,02,Boissons alcoolisées et tabac,956,0.024861519257275116,1.8773716796484985,0.046674312166644076
type_de_menage,4,Couples avec enfants,03,Habillement et chaussures,2213,0.05755077627233246,-1.479379876380582,-0.08513946028736974
type_de_menage,4,Couples avec enfants,04,"Logement, eau et énergie",4820,0.12534782721764232,3.576437587657799,0.4482986807924113
type_de_menage,4,Couples avec enfants,05,Meubles et entretien du foyer,2130,0.05539229708995397,-0.019932230416597196,-0.001104092028901569
type_de_menage,4,Couples avec enfants,06,Santé,679,0.01765792005825293,-0.5128720836685363,-0.009056254253528623
type_de_menage,4,Couples avec enfants,07,Transports,6839,0.17785348347333108,6.9813176007866184,1.2416516545335783
type_de_menage,4,Couples avec enfants,08,Information et communication,1015,0.026395859880893557,4.937399030694678,0.1303268929902764
type_de_menage,4,Couples avec enfants,09,Loisirs et culture,3629,0.0943749512391751,-0.4483867823374621,-0.0423164807193886
type_de_menage,4,Couples avec enfants,10,Enseignement,509,0.013236938600369282,4.728440919586374,0.0625900821280385
type_de_menage,4,Couples avec enfants,11,Restauration et hébergement,3257,0.0847008035783944,1.8669446550416913,0.1581317125184196
type_de_menage,4,Couples avec enfants,12,Autres biens et services,6245,0.16240605414401998,2.838363811631961,0.4609674668723272
type_de_menage,5,Autres ménages,01,Alimentation et boissons non alcoolisées,5460,0.1848341232227488,1.1523941982912733,0.21300177124815003
type_de_menage,5,Autres ménages,02,Boissons alcoolisées et tabac,1002,0.03392010832769127,1.8773716796484985,0.06368065074501678
type_de_menage,5,Autres ménages,03,Habillement et chaussures,1511,0.0511509817197021,-1.479379876380582,-0.0756717330132383
type_de_menage,5,Autres ménages,04,"Logement, eau et énergie",5173,0.17511848341232228,3.576437587657799,0.6263003263694582
type_de_menage,5,Autres ménages,05,Meubles et entretien du foyer,1204,0.04075829383886256,-0.019932230416597196,-0.0008124037041835824
type_de_menage,5,Autres ménages,06,Santé,545,0.018449559918754233,-0.5128720836685363,-0.009462264238298995
type_de_menage,5,Autres ménages,07,Transports,4706,0.15930941096817874,6.9813176007866184,1.112189594763095
type_de_menage,5,Autres ménages,08,Information et communication,967,0.03273527420446852,4.937399030694678,0.16162711112666736
type_de_menage,5,Autres ménages,09,Loisirs et culture,2460,0.08327691266079891,-0.4483867823374621,-0.03734026691097348
type_de_menage,5,Autres ménages,10,Enseignement,358,0.012119160460392688,4.728440919586374,0.05730473423195403
type_de_menage,5,Autres ménages,11,Restauration et hébergement,1772,0.05998645903859174,1.8669446550416913,0.1119913990769762
type_de_menage,5,Autres ménages,12,Autres biens et services,4382,0.14834123222748816,2.838363811631961,0.4210463853273952
type_de_menage,TOT,Ensemble,01,Alimentation et boissons non alcoolisées,4410,0.16089605603998686,1.1523941982912733,0.18541568150842844
type_de_menage,TOT,Ensemble,02,Boissons alcoolisées et tabac,788,0.028749680761793572,1.8773716796484985,0.05397383646112652
type_de_menage,TOT,Ensemble,03,Habillement et chaussures,1374,0.050129519500893865,-1.479379876380582,-0.07416060236225035
type_de_menage,TOT,Ensemble,04,"Logement, eau et énergie",4454,0.16250136816374183,3.576437587657799,0.5811760011466247
type_de_menage,TOT,Ensemble,05,Meubles et entretien du foyer,1558,0.056842642927505564,-0.019932230416597196,-0.0011330006563194
type_de_menage,TOT,Ensemble,06,Santé,505,0.01842460505673319,-0.5128720836685363,-0.009449465586216602
type_de_menage,TOT,Ensemble,07,Transports,4482,0.16352293042431318,6.9813176007866184,1.1416055123034632
type_de_menage,TOT,Ensemble,08,Information et communication,743,0.027107884271589625,4.937399030694678,0.1338424415267301
type_de_menage,TOT,Ensemble,09,Loisirs et culture,2566,0.093618884308074,-0.4483867823374621,-0.04197747030092042
type_de_menage,TOT,Ensemble,10,Enseignement,214,0.007807654420080995,4.728440919586374,0.0369180326459004
type_de_menage,TOT,Ensemble,11,Restauration et hébergement,1972,0.07194717063738189,1.8669446550416913,0.13432138566683263
type_de_menage,TOT,Ensemble,12,Autres biens et services,4343,0.15845160348790543,2.838363811631961,0.4497432972351274
decile_de_niveau_de_vie,1,Décile 1,01,Alimentation et boissons non alcoolisées,2863,0.1775724120821187,1.1523941982912733,0.2046334174600208
decile_de_niveau_de_vie,1,Décile 1,02,Boissons alcoolisées et tabac,552,0.034236804564907276,1.8773716796484985,0.06427520729181735
decile_de_niveau_de_vie,1,Décile 1,03,Habillement et chaussures,902,0.055944923401352105,-1.479379876380582,-0.08276379386561342
decile_de_niveau_de_vie,1,Décile 1,04,"Logement, eau et énergie",3640,0.22576443589902623,3.576437587657799,0.8074324145056372
decile_de_niveau_de_vie,1,Décile 1,05,Meubles et entretien du foyer,593,0.036779755628605096,-0.019932230416597196,-0.0007331025638554944
decile_de_niveau_de_vie,1,Décile 1,06,Santé,254,0.01575389195559139,-0.5128720836685363,-0.008079731393153149
decile_de_niveau_de_vie,1,Décile 1,07,Transports,2189,0.13576877752279354,6.9813176007866184,0.9478449561571611
decile_de_niveau_de_vie,1,Décile 1,08,Information et communication,647,0.040129008249085156,4.937399030694678,0.1981329264317718
decile_de_niveau_de_vie,1,Décile 1,09,Loisirs et culture,1255,0.0778391118278236,-0.4483867823374621,-0.034902028892483714
decile_de_niveau_de_vie,1,Décile 1,10,Enseignement,295,0.018296843019289213,4.728440919586374,0.08651554123165542
decile_de_niveau_de_vie,1,Décile 1,11,Restauration et hébergement,851,0.052781740370898715,1.8669446550416913,0.0985405880692476
decile_de_niveau_de_vie,1,Décile 1,12,Autres biens et services,2082,0.12913229547850896,2.838363811631961,0.3665244343991653
decile_de_niveau_de_vie,10,Décile 10,01,Alimentation et boissons non alcoolisées,6559,0.13565105890138981,1.1523941982912733,0.15632349327002942
decile_de_niveau_de_vie,10,Décile 10,02,Boissons alcoolisées et tabac,1086,0.022460291197882197,1.8773716796484985,0.042166314611562485
decile_de_niveau_de_vie,10,Décile 10,03,Habillement et chaussures,2344,0.04847782925215089,-1.479379876380582,-0.07171712504624596
decile_de_niveau_de_vie,10,Décile 10,04,"Logement, eau et énergie",5788,0.11970549305095964,3.576437587657799,0.4281192247965615
decile_de_niveau_de_vie,10,Décile 10,05,Meubles et entretien du foyer,3889,0.08043100595632031,-0.019932230416597196,-0.001603169343360078
decile_de_niveau_de_vie,10,Décile 10,06,Santé,768,0.01588352084712111,-0.5128720836685363,-0.008146214432855639
decile_de_niveau_de_vie,10,Décile 10,07,Transports,8813,0.1822675380542687,6.9813176007866184,1.2724675714703109
decile_de_niveau_de_vie,10,Décile 10,08,Information et communication,894,0.01848941098610192,4.937399030694678,0.09128959988089515
decile_de_niveau_de_vie,10,Décile 10,09,Loisirs et culture,5326,0.11015056254136334,-0.4483867823374621,-0.04939005631058329
decile_de_niveau_de_vie,10,Décile 10,10,Enseignement,472,0.009761747187293184,4.728440919586374,0.046157844847054284
decile_de_niveau_de_vie,10,Décile 10,11,Restauration et hébergement,4928,0.10191925876902713,1.8669446550416913,0.19027761540464622
decile_de_niveau_de_vie,10,Décile 10,12,Autres biens et services,7485,0.15480228325612178,2.838363811631961,0.4393851987521763
decile_de_niveau_de_vie,2,Décile 2,01,Alimentation et boissons non alcoolisées,3436,0.187544348015938,1.1523941982912733,0.21612501857588642
decile_de_niveau_de_vie,2,Décile 2,02,Boissons alcoolisées et tabac,620,0.0338409475465313,1.8773716796484985,0.0635320365363282
decile_de_niveau_de_vie,2,Décile 2,03,Habillement et chaussures,993,0.054200098247912235,-1.479379876380582,-0.0801825346458118
decile_de_niveau_de_vie,2,Décile 2,04,"Logement, eau et énergie",3974,0.21690955733857323,3.576437587657799,0.7757634939878879
decile_de_niveau_de_vie,2,Décile 2,05,Meubles et entretien du foyer,773,0.04219202008623983,-0.019932230416597196,-0.0008409810661006294
decile_de_niveau_de_vie,2,Décile 2,06,Santé,323,0.017630042028273566,-0.5128720836685363,-0.009041956390204532
decile_de_niveau_de_vie,2,Décile 2,07,Transports,2502,0.13656459800229245,6.9813176007866184,0.9534008316777534
decile_de_niveau_de_vie,2,Décile 2,08,Information et communication,657,0.035860487964630754,4.937399030694678,0.17705753851680606
decile_de_niveau_de_vie,2,Décile 2,09,Loisirs et culture,1233,0.06729981987882758,-0.4483867823374621,-0.030176349687358266
decile_de_niveau_de_vie,2,Décile 2,10,Enseignement,230,0.012553899896293871,4.728440919586374,0.05936037397002708
decile_de_niveau_de_vie,2,Décile 2,11,Restauration et hébergement,939,0.05125266088095628,1.8669446550416913,0.0956858812883657
decile_de_niveau_de_vie,2,Décile 2,12,Autres biens et services,2641,0.1441515201135309,2.838363811631961,0.40915445808198286
decile_de_niveau_de_vie,3,Décile 3,01,Alimentation et boissons non alcoolisées,3539,0.1763328350772297,1.1523941982912733,0.20320493611125143
decile_de_niveau_de_vie,3,Décile 3,02,Boissons alcoolisées et tabac,710,0.03537618335824614,1.8773716796484985,0.06641424477082382
decile_de_niveau_de_vie,3,Décile 3,03,Habillement et chaussures,1018,0.050722471350274044,-1.479379876380582,-0.07503780339588603
decile_de_niveau_de_vie,3,Décile 3,04,"Logement, eau et énergie",4194,0.20896860986547086,3.576437587657799,0.7473631909634684
decile_de_niveau_de_vie,3,Décile 3,05,Meubles et entretien du foyer,1013,0.0504733432984554,-0.019932230416597196,-0.001006046308520825
decile_de_niveau_de_vie,3,Décile 3,06,Santé,393,0.019581464872944692,-0.5128720836685363,-0.010042786690669395
decile_de_niveau_de_vie,3,Décile 3,07,Transports,2725,0.13577478824115596,6.9813176007866184,0.9478869188910581
decile_de_niveau_de_vie,3,Décile 3,08,Information et communication,654,0.03258594917787743,4.937399030694678,0.16088983388511807
decile_de_niveau_de_vie,3,Décile 3,09,Loisirs et culture,1478,0.07364225211758844,-0.4483867823374621,-0.03302021247108964
decile_de_niveau_de_vie,3,Décile 3,10,Enseignement,93,0.004633781763826607,4.728440919586374,0.02191056330451085
decile_de_niveau_de_vie,3,Décile 3,11,Restauration et hébergement,1000,0.04982561036372696,1.8669446550416913,0.09302165695274994
decile_de_niveau_de_vie,3,Décile 3,12,Autres biens et services,3253,0.16208271051320378,2.838363811631961,0.46004970001189677
decile_de_niveau_de_vie,4,Décile 4,01,Alimentation et boissons non alcoolisées,4098,0.18103105535185757,1.1523941982912733,0.20861913789802702
decile_de_niveau_de_vie,4,Décile 4,02,Boissons alcoolisées et tabac,760,0.03357335335954411,1.8773716796484985,0.06302966278803988
decile_de_niveau_de_vie,4,Décile 4,03,Habillement et chaussures,1043,0.04607500993947961,-1.479379876380582,-0.06816244250850144
decile_de_niveau_de_vie,4,Décile 4,04,"Logement, eau et énergie",4375,0.19326765914211247,3.576437587657799,0.6912097206344865
decile_de_niveau_de_vie,4,Décile 4,05,Meubles et entretien du foyer,997,0.04404293855192826,-0.019932230416597196,-0.0008778739994410656
decile_de_niveau_de_vie,4,Décile 4,06,Santé,413,0.018244467023015416,-0.5128720836685363,-0.009357077817515814
decile_de_niveau_de_vie,4,Décile 4,07,Transports,3482,0.15381896894464814,6.9813176007866184,1.0738590752281223
decile_de_niveau_de_vie,4,Décile 4,08,Information et communication,702,0.031011176392631533,4.937399030694678,0.1531145522616806
decile_de_niveau_de_vie,4,Décile 4,09,Loisirs et culture,1780,0.07863232760524805,-0.4483867823374621,-0.03525769636262237
decile_de_niveau_de_vie,4,Décile 4,10,Enseignement,169,0.007465653576003888,4.728440919586374,0.03530090186023312
decile_de_niveau_de_vie,4,Décile 4,11,Restauration et hébergement,1373,0.06065291337191324,1.8669446550416913,0.11323563243240015
decile_de_niveau_de_vie,4,Décile 4,12,Autres biens et services,3445,0.1521844767416177,2.838363811631961,0.43195491147555354
decile_de_niveau_de_vie,5,Décile 5,01,Alimentation et boissons non alcoolisées,4042,0.1699247488123765,1.1523941982912733,0.19582029467748463
decile_de_niveau_de_vie,5,Décile 5,02,Boissons alcoolisées et tabac,810,0.0340522133938706,1.8773716796484985,0.06392866105499995
decile_de_niveau_de_vie,5,Décile 5,03,Habillement et chaussures,1087,0.0456972295791819,-1.479379876380582,-0.0676035618457852
decile_de_niveau_de_vie,5,Décile 5,04,"Logement, eau et énergie",4369,0.18367175347879094,3.576437587657799,0.6568905629325651
decile_de_niveau_de_vie,5,Décile 5,05,Meubles et entretien du foyer,1102,0.04632782612351284,-0.019932230416597196,-0.0009234169049939088
decile_de_niveau_de_vie,5,Décile 5,06,Santé,470,0.01975869172236936,-0.5128720836685363,-0.010133681394215834
decile_de_niveau_de_vie,5,Décile 5,07,Transports,3796,0.15958296548534914,6.9813176007866184,1.1140993657285914
decile_de_niveau_de_vie,5,Décile 5,08,Information et communication,704,0.02959599781393198,4.937399030694678,0.14612725091894957
decile_de_niveau_de_vie,5,Décile 5,09,Loisirs et culture,1966,0.08265018707697482,-0.4483867823374621,-0.03705925144303403
decile_de_niveau_de_vie,5,Décile 5,10,Enseignement,131,0.0055072098204901835,4.728440919586374,0.026040516267953714
decile_de_niveau_de_vie,5,Décile 5,11,Restauration et hébergement,1524,0.0640686089040232,1.8669446550416913,0.11961254694932263
decile_de_niveau_de_vie,5,Décile 5,12,Autres biens et services,3786,0.15916256778912852,2.838363811631961,0.45176127257908116
decile_de_niveau_de_vie,6,Décile 6,01,Alimentation et boissons non alcoolisées,4403,0.16259231905465288,1.1523941982912733,0.18737044516530563
decile_de_niveau_de_vie,6,Décile 6,02,Boissons alcoolisées et tabac,885,0.03268094534711965,1.8773716796484985,0.06135428125882279
decile_de_niveau_de_vie,6,Décile 6,03,Habillement et chaussures,1279,0.04723042836041359,-1.479379876380582,-0.0698717452692306
decile_de_niveau_de_vie,6,Décile 6,04,"Logement, eau et énergie",4642,0.17141802067946824,3.576437587657799,0.6130658523599521
decile_de_niveau_de_vie,6,Décile 6,05,Meubles et entretien du foyer,1331,0.0491506646971935,-0.019932230416597196,-0.0009796823738733704
decile_de_niveau_de_vie,6,Décile 6,06,Santé,492,0.018168389955686853,-0.5128720836685363,-0.009318060013475623
decile_de_niveau_de_vie,6,Décile 6,07,Transports,4518,0.16683899556868537,6.9813176007866184,1.1647560162612238
decile_de_niveau_de_vie,6,Décile 6,08,Information et communication,746,0.027548005908419496,4.937399030694678,0.13601549766980167
decile_de_niveau_de_vie,6,Décile 6,09,Loisirs et culture,2430,0.08973412112259971,-0.4483867823374621,-0.040235593836042575
decile_de_niveau_de_vie,6,Décile 6,10,Enseignement,134,0.004948301329394387,4.728440919586374,0.023397750488352072
decile_de_niveau_de_vie,6,Décile 6,11,Restauration et hébergement,1766,0.06521418020679469,1.8669446550416913,0.121751265170001
decile_de_niveau_de_vie,6,Décile 6,12,Autres biens et services,4454,0.16447562776957164,2.838363811631961,0.46684166975660096
decile_de_niveau_de_vie,7,Décile 7,01,Alimentation et boissons non alcoolisées,4536,0.1560962180391617,1.1523941982912733,0.17988437604353955
decile_de_niveau_de_vie,7,Décile 7,02,Boissons alcoolisées et tabac,817,0.02811521387521938,1.8773716796484985,0.05278270629659738
decile_de_niveau_de_vie,7,Décile 7,03,Habillement et chaussures,1422,0.04893492549640387,-1.479379876380582,-0.07239334403156295
decile_de_niveau_de_vie,7,Décile 7,04,"Logement, eau et énergie",4490,0.15451323170102205,3.576437587657799,0.5526069296460139
decile_de_niveau_de_vie,7,Décile 7,05,Meubles et entretien du foyer,1599,0.05502598162359338,-0.019932230416597196,-0.0010967905446209064
decile_de_niveau_de_vie,7,Décile 7,06,Santé,578,0.019890567466189477,-0.5128720836685363,-0.010201316781734197
decile_de_niveau_de_vie,7,Décile 7,07,Transports,5119,0.17615884923775765,6.9813176007866184,1.2298208747178738
decile_de_niveau_de_vie,7,Décile 7,08,Information et communication,776,0.026704291269486216,4.937399030694678,0.1318497418293496
decile_de_niveau_de_vie,7,Décile 7,09,Loisirs et culture,2787,0.09590832444337383,-0.4483867823374621,-0.043004024996541754
decile_de_niveau_de_vie,7,Décile 7,10,Enseignement,159,0.005471626690526171,4.728440919586374,0.025872263540184917
decile_de_niveau_de_vie,7,Décile 7,11,Restauration et hébergement,1969,0.06775869782167315,1.8669446550416913,0.1265017387307578
decile_de_niveau_de_vie,7,Décile 7,12,Autres biens et services,4807,0.1654220723355931,2.838363811631961,0.469528023762512
decile_de_niveau_de_vie,8,Décile 8,01,Alimentation et boissons non alcoolisées,5174,0.15849287792923877,1.1523941982912733,0.18264627299614175
decile_de_niveau_de_vie,8,Décile 8,02,Boissons alcoolisées et tabac,812,0.024873640680042886,1.8773716796484985,0.046697068582465334
decile_de_niveau_de_vie,8,Décile 8,03,Habillement et chaussures,1625,0.04977791392249962,-1.479379876380582,-0.07364044414515074
decile_de_niveau_de_vie,8,Décile 8,04,"Logement, eau et énergie",4557,0.13959258691989584,3.576437587657799,0.4992441748187039
decile_de_niveau_de_vie,8,Décile 8,05,Meubles et entretien du foyer,2015,0.061724613263899525,-0.019932230416597196,-0.001230309213951397
decile_de_niveau_de_vie,8,Décile 8,06,Santé,630,0.01929851432072293,-0.5128720836685363,-0.009897669251376256
decile_de_niveau_de_vie,8,Décile 8,07,Transports,5611,0.17187930770408943,6.9813176007866184,1.1999440360855786
decile_de_niveau_de_vie,8,Décile 8,08,Information et communication,800,0.024506049931076735,4.937399030694678,0.12099614717585365
decile_de_niveau_de_vie,8,Décile 8,09,Loisirs et culture,3234,0.0990657068463777,-0.4483867823374621,-0.04441975353283358
decile_de_niveau_de_vie,8,Décile 8,10,Enseignement,202,0.006187777607596876,4.728440919586374,0.029258540841061345
decile_de_niveau_de_vie,8,Décile 8,11,Restauration et hébergement,2338,0.07161893092357176,1.8669446550416913,0.13370858028756238
decile_de_niveau_de_vie,8,Décile 8,12,Autres biens et services,5647,0.1729820799509879,2.838363811631961,0.4909860757937107
decile_de_niveau_de_vie,9,Décile 9,01,Alimentation et boissons non alcoolisées,5436,0.15155992974042992,1.1523941982912733,0.17465678372630444
decile_de_niveau_de_vie,9,Décile 9,02,Boissons alcoolisées et tabac,827,0.02305740652967909,1.8773716796484985,0.04328732202496189
decile_de_niveau_de_vie,9,Décile 9,03,Habillement et chaussures,2020,0.056319179189784484,-1.479379876380582,-0.08331746034763922
decile_de_niveau_de_vie,9,Décile 9,04,"Logement, eau et énergie",4503,0.125547160342376,3.576437587657799,0.44901158327217416
decile_de_niveau_de_vie,9,Décile 9,05,Meubles et entretien du foyer,2254,0.0628432821256308,-0.019932230416597196,-0.0012526067794632972
decile_de_niveau_de_vie,9,Décile 9,06,Santé,725,0.020213566788412747,-0.5128720836685363,-0.01036697411714637
decile_de_niveau_de_vie,9,Décile 9,07,Transports,6034,0.1682326372431483,6.9813176007866184,1.1744854714123416
decile_de_niveau_de_vie,9,Décile 9,08,Information et communication,851,0.023726545292329995,4.937399030694678,0.1171474217280835
decile_de_niveau_de_vie,9,Décile 9,09,Loisirs et culture,4151,0.1157331251568294,-0.4483867823374621,-0.05189320359892952
decile_de_niveau_de_vie,9,Décile 9,10,Enseignement,249,0.006942314662503136,4.728440919586374,0.0328263247268243
decile_de_niveau_de_vie,9,Décile 9,11,Restauration et hébergement,3011,0.08394903393091142,1.8669446550416913,0.15672820019322867
decile_de_niveau_de_vie,9,Décile 9,12,Autres biens et services,5806,0.16187581899796472,2.838363811631961,0.45946246662210855
decile_de_niveau_de_vie,TOT,Ensemble,01,Alimentation et boissons non alcoolisées,4410,0.16089605603998686,1.1523941982912733,0.18541568150842844
decile_de_niveau_de_vie,TOT,Ensemble,02,Boissons alcoolisées et tabac,788,0.028749680761793572,1.8773716796484985,0.05397383646112652
decile_de_niveau_de_vie,TOT,Ensemble,03,Habillement et chaussures,1374,0.050129519500893865,-1.479379876380582,-0.07416060236225035
decile_de_niveau_de_vie,TOT,Ensemble,04,"Logement, eau et énergie",4454,0.16250136816374183,3.576437587657799,0.5811760011466247
decile_de_niveau_de_vie,TOT,Ensemble,05,Meubles et entretien du foyer,1558,0.056842642927505564,-0.019932230416597196,-0.0011330006563194
decile_de_niveau_de_vie,TOT,Ensemble,06,Santé,505,0.01842460505673319,-0.5128720836685363,-0.009449465586216602
decile_de_niveau_de_vie,TOT,Ensemble,07,Transports,4482,0.16352293042431318,6.9813176007866184,1.1416055123034632
decile_de_niveau_de_vie,TOT,Ensemble,08,Information et communication,743,0.027107884271589625,4.937399030694678,0.1338424415267301
decile_de_niveau_de_vie,TOT,Ensemble,09,Loisirs et culture,2566,0.093618884308074,-0.4483867823374621,-0.04197747030092042
decile_de_niveau_de_vie,TOT,Ensemble,10,Enseignement,214,0.007807654420080995,4.728440919586374,0.0369180326459004
decile_de_niveau_de_vie,TOT,Ensemble,11,Restauration et hébergement,1972,0.07194717063738189,1.8669446550416913,0.13432138566683263
decile_de_niveau_de_vie,TOT,Ensemble,12,Autres biens et services,4343,0.15845160348790543,2.838363811631961,0.4497432972351274
statut_d_occupation,P,Propriétaires,01,Alimentation et boissons non alcoolisées,5118,0.1730340117655014,1.1523941982912733,0.19940339126562773
statut_d_occupation,P,Propriétaires,02,Boissons alcoolisées et tabac,808,0.027317600919602406,1.8773716796484985,0.05128529032240133
statut_d_occupation,P,Propriétaires,03,Habillement et chaussures,1445,0.048853877882209754,-1.479379876380582,-0.07227344382209552
statut_d_occupation,P,Propriétaires,04,"Logement, eau et énergie",2813,0.09510446953817026,3.576437587657799,0.34013519961056826
statut_d_occupation,P,Propriétaires,05,Meubles et entretien du foyer,1998,0.06755020623436338,-0.019932230416597196,-0.0013464262753519914
statut_d_occupation,P,Propriétaires,06,Santé,580,0.019609168976942322,-0.5128720836685363,-0.01005699535221283
statut_d_occupation,P,Propriétaires,07,Transports,5323,0.1799648387314896,6.9813176007866184,1.2563916961588737
statut_d_occupation,P,Propriétaires,08,Information et communication,763,0.025796199878287917,4.937399030694678,0.12736613227466492
statut_d_occupation,P,Propriétaires,09,Loisirs et culture,3002,0.10149435391169112,-0.4483867823374621,-0.045508726775882795
statut_d_occupation,P,Propriétaires,10,Enseignement,243,0.00821556562309825,4.728440919586374,0.03884681666980489
statut_d_occupation,P,Propriétaires,11,Restauration et hébergement,2232,0.07546149164919873,1.8669446550416913,0.1408824284959448
statut_d_occupation,P,Propriétaires,12,Autres biens et services,5253,0.17759821488944486,2.838363811631961,0.5040883461526368
statut_d_occupation,L,Locataires,01,Alimentation et boissons non alcoolisées,3323,0.1380212659910284,1.1523941982912733,0.15905490616887777
statut_d_occupation,L,Locataires,02,Boissons alcoolisées et tabac,758,0.031483635155341416,1.8773716796484985,0.05910648501302383
statut_d_occupation,L,Locataires,03,Habillement et chaussures,1265,0.05254195049011464,-1.479379876380582,-0.07772950422086046
statut_d_occupation,L,Locataires,04,"Logement, eau et énergie",6975,0.2897075926233594,3.576437587657799,1.0361211236880359
statut_d_occupation,L,Locataires,05,Meubles et entretien du foyer,882,0.03663399235753447,-0.019932230416597196,-0.0007301971767502378
statut_d_occupation,L,Locataires,06,Santé,389,0.016157168964944343,-0.5128720836685363,-0.008286560913235614
statut_d_occupation,L,Locataires,07,Transports,3190,0.13249709254028907,6.9813176007866184,0.9250042842045735
statut_d_occupation,L,Locataires,08,Information et communication,713,0.02961455391261007,4.937399030694678,0.14621886978257623
statut_d_occupation,L,Locataires,09,Loisirs et culture,1895,0.07870908788835354,-0.4483867823374621,-0.03529211465897535
statut_d_occupation,L,Locataires,10,Enseignement,168,0.006977903306197043,4.728440919586374,0.032994603525939144
statut_d_occupation,L,Locataires,11,Restauration et hébergement,1572,0.06529323807941519,1.8669446550416913,0.1218988618427288
statut_d_occupation,L,Locataires,12,Autres biens et services,2946,0.12236251869081242,2.838363811631961,0.34730934495214144
statut_d_occupation,TOT,Ensemble,01,Alimentation et boissons non alcoolisées,4410,0.16089605603998686,1.1523941982912733,0.18541568150842844
statut_d_occupation,TOT,Ensemble,02,Boissons alcoolisées et tabac,788,0.028749680761793572,1.8773716796484985,0.05397383646112652
statut_d_occupation,TOT,Ensemble,03,Habillement et chaussures,1374,0.050129519500893865,-1.479379876380582,-0.07416060236225035
statut_d_occupation,TOT,Ensemble,04,"Logement, eau et énergie",4454,0.16250136816374183,3.576437587657799,0.5811760011466247
statut_d_occupation,TOT,Ensemble,05,Meubles et entretien du foyer,1558,0.056842642927505564,-0.019932230416597196,-0.0011330006563194
statut_d_occupation,TOT,Ensemble,06,Santé,505,0.01842460505673319,-0.5128720836685363,-0.009449465586216602
statut_d_occupation,TOT,Ensemble,07,Transports,4482,0.16352293042431318,6.9813176007866184,1.1416055123034632
statut_d_occupation,TOT,Ensemble,08,Information et communication,743,0.027107884271589625,4.937399030694678,0.1338424415267301
statut_d_occupation,TOT,Ensemble,09,Loisirs et culture,2566,0.093618884308074,-0.4483867823374621,-0.04197747030092042
statut_d_occupation,TOT,Ensemble,10,Enseignement,214,0.007807654420080995,4.728440919586374,0.0369180326459004
statut_d_occupation,TOT,Ensemble,11,Restauration et hébergement,1972,0.07194717063738189,1.8669446550416913,0.13432138566683263
statut_d_occupation,TOT,Ensemble,12,Autres biens et services,4343,0.15845160348790543,2.838363811631961,0.4497432972351274
